Emp ID,Name,DOB,SSN,State,First_Name,Last_Name
214,Sarah Simpson,12/04/1985,***-**-8166,FL,Sarah,Simpson
15,Samantha Lara,09/08/1993,***-**-7526,CO,Samantha,Lara
411,Stacy Charles,12/20/1957,***-**-8526,PA,Stacy,Charles
166,Michelle Roy,07/29/1978,***-**-3944,MI,Michelle,Roy
39,Joseph Rogers,03/28/1985,***-**-3515,MN,Joseph,Rogers
423,Erica Hines,10/13/1975,***-**-6153,NY,Erica,Hines
192,Zoe Patel,12/20/1967,***-**-0817,WI,Zoe,Patel
162,Matthew Harvey,01/20/1990,***-**-0346,TN,Matthew,Harvey
131,Shawn Davis,07/21/1961,***-**-1581,WV,Shawn,Davis
20,April Baldwin,08/07/1961,***-**-2014,MO,April,Baldwin
246,Vincent Daniels,01/06/1972,***-**-2754,MT,Vincent,Daniels
525,Ann Fields,08/22/1960,***-**-7911,IA,Ann,Fields
392,Jeffrey Pearson,05/05/1979,***-**-2578,IL,Jeffrey,Pearson
474,Heather Johnson,09/23/1989,***-**-0904,GA,Heather,Johnson
478,Melissa Fletcher,03/14/1979,***-**-6881,RI,Melissa,Fletcher
101,Kimberly Alvarez,09/04/1984,***-**-8680,LA,Kimberly,Alvarez
52,Monica Jimenez,04/08/1988,***-**-1668,ND,Monica,Jimenez
182,Steven Johnson,05/28/1962,***-**-7070,NE,Steven,Johnson
637,Sarah Wood,06/15/1972,***-**-6715,FL,Sarah,Wood
510,Jesus Petersen,03/28/1958,***-**-0770,OK,Jesus,Petersen
122,Rhonda Rosales,04/10/1963,***-**-0286,AL,Rhonda,Rosales
294,Nicole Richardson,09/09/1981,***-**-5228,LA,Nicole,Richardson
327,Jennifer Mendez,07/20/1977,***-**-1994,OR,Jennifer,Mendez
145,Sandra Petty,01/30/1981,***-**-7629,NC,Sandra,Petty
565,Michael Hester,04/13/1987,***-**-6836,SD,Michael,Hester
590,Joseph Brown,08/28/1982,***-**-4744,NH,Joseph,Brown
340,Michelle Cooper,08/23/1993,***-**-2306,WA,Michelle,Cooper
176,Barbara Wise,12/15/1991,***-**-7662,IN,Barbara,Wise
63,Carol Rosales,07/20/1984,***-**-4907,NJ,Carol,Rosales
121,Mark Villa,02/24/1969,***-**-2207,MS,Mark,Villa
70,Russell Orozco,09/16/1973,***-**-5514,MS,Russell,Orozco
446,Michelle Sanchez,08/21/1994,***-**-5222,OK,Michelle,Sanchez
156,Briana Ayala,10/31/1965,***-**-4542,CT,Briana,Ayala
343,Shane Roberts,12/14/1958,***-**-6030,HI,Shane,Roberts
599,Cassandra Morris,01/24/1973,***-**-3831,MT,Cassandra,Morris
102,Krista Thompson,07/25/1984,***-**-7445,KY,Krista,Thompson
377,Jon Bennett,09/13/1957,***-**-1689,NM,Jon,Bennett
240,April Thomas,12/03/1993,***-**-3580,CO,April,Thomas
455,Haley Martinez,01/15/1968,***-**-3736,ID,Haley,Martinez
503,Isaac Stafford,11/25/1989,***-**-5036,SD,Isaac,Stafford
269,John Martinez,01/06/1987,***-**-3936,NH,John,Martinez
219,John Phillips,12/08/1982,***-**-4070,WV,John,Phillips
301,Gary Shelton,09/11/1978,***-**-9672,SD,Gary,Shelton
84,Amanda Gordon,10/12/1969,***-**-2966,ME,Amanda,Gordon
588,Jessica Holt,09/12/1963,***-**-6084,NE,Jessica,Holt
540,Stephanie Estes,07/15/1966,***-**-9779,SD,Stephanie,Estes
329,Jessica Brown,02/01/1992,***-**-7328,MS,Jessica,Brown
74,Donna Manning,05/19/1973,***-**-7781,NM,Donna,Manning
29,Nicholas Owens,08/20/1991,***-**-7882,VA,Nicholas,Owens
92,Wendy Ryan,05/13/1960,***-**-0741,AZ,Wendy,Ryan
489,Kimberly Hooper,09/08/1971,***-**-3136,GA,Kimberly,Hooper
561,Deborah Gonzalez,05/28/1975,***-**-0643,MT,Deborah,Gonzalez
44,Laura Yoder,04/18/1987,***-**-3016,IN,Laura,Yoder
138,Kimberly Velez,03/07/1958,***-**-0707,AZ,Kimberly,Velez
623,Kevin Garcia,05/15/1973,***-**-4337,OK,Kevin,Garcia
173,Marcia Jones,11/20/1972,***-**-0963,ND,Marcia,Jones
148,Nicole Baldwin,08/11/1978,***-**-5508,NV,Nicole,Baldwin
184,Katherine Juarez,02/13/1986,***-**-8687,CA,Katherine,Juarez
228,Paula Thompson,09/22/1985,***-**-7734,NC,Paula,Thompson
117,Joan Hoover,02/27/1973,***-**-5429,NM,Joan,Hoover
544,Stephen Simon,11/28/1962,***-**-1621,NV,Stephen,Simon
116,Rebecca Taylor,09/30/1962,***-**-9126,MN,Rebecca,Taylor
622,Lindsay Owens,04/28/1973,***-**-6742,DE,Lindsay,Owens
376,Justin Payne,07/03/1983,***-**-7892,AK,Justin,Payne
100,Michelle Thornton,01/25/1961,***-**-4112,GA,Michelle,Thornton
222,Timothy Hill,08/11/1985,***-**-4460,SC,Timothy,Hill
506,Karen Johnson,01/05/1976,***-**-5174,OH,Karen,Johnson
59,Alexis Mcintosh,03/01/1962,***-**-9185,KY,Alexis,Mcintosh
456,Susan Fitzgerald,09/18/1961,***-**-3222,AL,Susan,Fitzgerald
389,Amber Stewart,08/26/1958,***-**-3120,OH,Amber,Stewart
236,Taylor Evans,07/17/1983,***-**-2641,NJ,Taylor,Evans
78,Tracy Knight,09/27/1993,***-**-8339,ID,Tracy,Knight
253,Jason Parks,02/27/1981,***-**-2601,AZ,Jason,Parks
67,Jonathan Carroll,06/15/1973,***-**-7126,SC,Jonathan,Carroll
642,Sara Wallace,06/21/1959,***-**-6918,MS,Sara,Wallace
279,Jeffrey Mitchell,05/23/1969,***-**-4559,UT,Jeffrey,Mitchell
41,April West,03/11/1986,***-**-9544,DE,April,West
30,Ryan Reynolds,02/05/1973,***-**-2883,IN,Ryan,Reynolds
462,Rachel Bell,07/24/1989,***-**-1379,AL,Rachel,Bell
87,Amber Williamson,06/20/1984,***-**-4567,LA,Amber,Williamson
26,Tony Park,10/08/1968,***-**-7749,UT,Tony,Park
553,Robert Jefferson,10/04/1981,***-**-6302,OH,Robert,Jefferson
151,Sarah Hernandez,07/05/1987,***-**-5549,WY,Sarah,Hernandez
523,Margaret Foley,12/19/1968,***-**-4633,CA,Margaret,Foley
434,Tina Christensen,03/01/1988,***-**-0333,TN,Tina,Christensen
1,Isaac Gomez,10/16/1987,***-**-4728,WY,Isaac,Gomez
365,Phillip Davis,04/24/1961,***-**-5132,VT,Phillip,Davis
230,Brian Douglas,09/18/1979,***-**-9324,NV,Brian,Douglas
357,Teresa Wilson,08/12/1994,***-**-9378,IN,Teresa,Wilson
142,Timothy Wilson,11/21/1993,***-**-1270,WV,Timothy,Wilson
606,Lori Davies,08/21/1980,***-**-9489,AK,Lori,Davies
129,Brittany Stone,11/21/1985,***-**-0950,CO,Brittany,Stone
34,Matthew Rogers,03/09/1974,***-**-2560,CA,Matthew,Rogers
190,Francisco Gardner,08/18/1972,***-**-0367,WI,Francisco,Gardner
259,Ashley Patrick,12/06/1979,***-**-7953,OR,Ashley,Patrick
471,Brandi Frey,07/23/1979,***-**-2997,MD,Brandi,Frey
362,Garrett Kelley,12/20/1974,***-**-1192,PA,Garrett,Kelley
620,Robert Barron,04/19/1985,***-**-0735,NE,Robert,Barron
299,Lee Serrano,06/19/1967,***-**-0867,WV,Lee,Serrano
213,Jessica Vance,04/30/1959,***-**-9076,DE,Jessica,Vance
427,Russell Ashley,02/15/1973,***-**-2395,OH,Russell,Ashley
105,Catherine Richardson,10/03/1989,***-**-2969,WY,Catherine,Richardson
260,Sheri Hamilton,03/12/1986,***-**-9319,NH,Sheri,Hamilton
547,Craig Strickland,02/27/1968,***-**-3498,ND,Craig,Strickland
28,Brandon Hall,09/30/1969,***-**-6416,AK,Brandon,Hall
486,Karla Adams,11/18/1962,***-**-7524,VT,Karla,Adams
300,Ernest Washington,07/15/1990,***-**-9800,FL,Ernest,Washington
501,John Owens,05/15/1989,***-**-7554,MT,John,Owens
584,Roberto Farmer,05/04/1968,***-**-3936,LA,Roberto,Farmer
453,Tom Bailey,01/24/1980,***-**-1663,IA,Tom,Bailey
16,Jennifer White,01/17/1966,***-**-1698,MI,Jennifer,White
185,Courtney Mendez,11/25/1961,***-**-8268,NE,Courtney,Mendez
223,Jasmine Miller,05/13/1971,***-**-2427,MD,Jasmine,Miller
290,Amy Bryan,06/24/1969,***-**-2636,CA,Amy,Bryan
71,Melvin Pruitt,05/06/1994,***-**-4970,AK,Melvin,Pruitt
73,Amanda Carrillo,10/25/1957,***-**-8942,MS,Amanda,Carrillo
549,Anthony Nguyen,03/10/1987,***-**-6484,ND,Anthony,Nguyen
359,Kaitlyn Charles,11/23/1965,***-**-7712,NH,Kaitlyn,Charles
631,Rebecca Pollard,03/17/1977,***-**-9010,FL,Rebecca,Pollard
585,James Jackson,09/02/1987,***-**-8491,ME,James,Jackson
641,Gina Jones,02/05/1964,***-**-3596,HI,Gina,Jones
564,Tyler Woodward,05/06/1983,***-**-7298,KS,Tyler,Woodward
149,Hannah Schultz,12/28/1984,***-**-7228,NY,Hannah,Schultz
430,Anthony Sims,04/20/1976,***-**-1311,CT,Anthony,Sims
587,Jessica Wallace,05/02/1981,***-**-7152,WI,Jessica,Wallace
420,Jonathan Pearson,01/03/1980,***-**-7840,VT,Jonathan,Pearson
625,Richard Hunt,09/17/1987,***-**-9513,IN,Richard,Hunt
319,Madison Ballard,03/11/1966,***-**-3750,DE,Madison,Ballard
18,Kathryn Blair,08/07/1993,***-**-8028,GA,Kathryn,Blair
535,Kristina Patterson,03/28/1958,***-**-5885,CT,Kristina,Patterson
417,Kathryn Bryant,04/09/1957,***-**-8017,CO,Kathryn,Bryant
391,Jerry Ayala,03/02/1982,***-**-9737,WA,Jerry,Ayala
274,Karen Rodriguez,07/30/1994,***-**-3813,CT,Karen,Rodriguez
270,Daniel Jacobs,04/24/1972,***-**-6724,TX,Daniel,Jacobs
537,Stephanie Campbell,08/30/1968,***-**-3547,TN,Stephanie,Campbell
341,Michael Pacheco,04/29/1977,***-**-6378,LA,Michael,Pacheco
402,Steven Garcia,04/01/1991,***-**-9437,MT,Steven,Garcia
476,Brenda Hall,07/15/1957,***-**-7869,TX,Brenda,Hall
367,Rhonda Smith,06/27/1969,***-**-5595,ME,Rhonda,Smith
407,Tracy Francis,01/26/1960,***-**-8950,VT,Tracy,Francis
280,Dawn Fernandez,04/14/1981,***-**-9216,NE,Dawn,Fernandez
524,Matthew Wells,08/29/1958,***-**-2780,FL,Matthew,Wells
57,Joel Walker,09/20/1979,***-**-6637,FL,Joel,Walker
312,Paula Shea,08/15/1978,***-**-1746,OH,Paula,Shea
649,Paul Bell,05/23/1976,***-**-7411,WI,Paul,Bell
488,Frederick Roberson,01/02/1978,***-**-0114,MI,Frederick,Roberson
139,Melissa Armstrong,03/17/1959,***-**-9454,OR,Melissa,Armstrong
412,Jennifer Alexander,01/15/1969,***-**-9026,AK,Jennifer,Alexander
5,Cassandra Perez,09/02/1986,***-**-1151,IL,Cassandra,Perez
153,Anthony Austin,12/17/1965,***-**-9162,WI,Anthony,Austin
321,Cynthia Jones,08/11/1976,***-**-3428,RI,Cynthia,Jones
541,Oscar Bernard,04/07/1990,***-**-5243,IL,Oscar,Bernard
406,Amanda Hendrix,11/19/1980,***-**-7721,AR,Amanda,Hendrix
204,Vincent Henry,08/22/1961,***-**-5624,UT,Vincent,Henry
567,Lauren Bush,12/19/1976,***-**-3299,GA,Lauren,Bush
187,Stacey Bates,06/17/1961,***-**-1470,CA,Stacey,Bates
460,Amanda Khan,04/16/1971,***-**-9388,NE,Amanda,Khan
212,Amanda Sutton,12/07/1973,***-**-2368,AR,Amanda,Sutton
617,Joshua Li,03/20/1992,***-**-6050,ID,Joshua,Li
353,Becky Kennedy,04/05/1987,***-**-4807,MI,Becky,Kennedy
383,Laura Espinoza,09/04/1978,***-**-5712,FL,Laura,Espinoza
91,Joshua Murphy,12/31/1970,***-**-7318,WI,Joshua,Murphy
429,Randall Bowen,04/11/1969,***-**-0666,TX,Randall,Bowen
40,Michelle Pham,07/31/1979,***-**-2595,SC,Michelle,Pham
298,Emily Thomas,07/10/1974,***-**-6906,RI,Emily,Thomas
400,Jessica Kelley,12/15/1976,***-**-4271,KY,Jessica,Kelley
480,Jeffrey Brown,12/23/1968,***-**-7392,WA,Jeffrey,Brown
375,Jennifer Keith,11/24/1990,***-**-2614,AR,Jennifer,Keith
626,Joshua Romero,10/14/1979,***-**-4169,NM,Joshua,Romero
97,Frank Walker,12/13/1976,***-**-5611,AZ,Frank,Walker
291,Cody Lindsey,01/29/1965,***-**-8099,AL,Cody,Lindsey
614,Cody Baker,03/09/1979,***-**-5896,VT,Cody,Baker
552,Jaclyn Wall,12/13/1985,***-**-5336,SD,Jaclyn,Wall
338,Kaitlyn Roy,06/15/1965,***-**-0939,MN,Kaitlyn,Roy
513,Allison Lee,04/04/1994,***-**-8932,UT,Allison,Lee
231,Heather Patterson,06/08/1969,***-**-2886,WV,Heather,Patterson
443,Carrie Thomas,08/08/1980,***-**-8236,MA,Carrie,Thomas
140,David Gutierrez,08/14/1967,***-**-9234,NE,David,Gutierrez
96,Harold Robinson,08/20/1965,***-**-7098,NM,Harold,Robinson
531,Alex Graham,11/27/1978,***-**-6911,KY,Alex,Graham
403,Steven Thompson,01/01/1978,***-**-0637,NJ,Steven,Thompson
580,Barbara Martin,11/11/1971,***-**-5120,NE,Barbara,Martin
113,Theresa Cochran,02/23/1976,***-**-2404,IA,Theresa,Cochran
289,Michael Madden,09/05/1964,***-**-2946,CO,Michael,Madden
247,Brian Chase,05/01/1989,***-**-3628,AZ,Brian,Chase
472,Carolyn Rodriguez,11/16/1962,***-**-2185,RI,Carolyn,Rodriguez
582,Breanna Williams,06/03/1994,***-**-8593,NC,Breanna,Williams
265,Anne Cook,11/11/1981,***-**-8560,NY,Anne,Cook
281,Tara Bowers,09/22/1975,***-**-7048,NY,Tara,Bowers
330,Joyce Hall,10/10/1980,***-**-4819,VA,Joyce,Hall
372,Sydney George,01/24/1959,***-**-8264,FL,Sydney,George
628,Lindsay Williams,09/19/1977,***-**-4792,NV,Lindsay,Williams
445,Darrell Thomas,03/14/1986,***-**-2653,UT,Darrell,Thomas
316,Thomas Knight,08/07/1965,***-**-2441,NJ,Thomas,Knight
499,Carolyn Diaz,04/20/1991,***-**-2117,DE,Carolyn,Diaz
528,Karen Ball,04/13/1986,***-**-9411,ND,Karen,Ball
242,Ronald Richardson,04/20/1988,***-**-6742,GA,Ronald,Richardson
632,Donna Williams,09/01/1986,***-**-3144,MS,Donna,Williams
313,Molly Wright,02/23/1991,***-**-7938,WA,Molly,Wright
89,Jeffrey Mcintyre,06/02/1974,***-**-8359,KS,Jeffrey,Mcintyre
130,Tabitha Parks,01/19/1975,***-**-8386,IA,Tabitha,Parks
3,Melissa Padilla,12/08/1982,***-**-9382,MT,Melissa,Padilla
586,George Harris,11/15/1979,***-**-2111,AZ,George,Harris
355,Cheryl Hancock,09/03/1993,***-**-2522,ID,Cheryl,Hancock
532,Jeffrey Paul,01/12/1972,***-**-0457,MT,Jeffrey,Paul
326,Wendy Jones,04/20/1979,***-**-4078,NY,Wendy,Jones
225,Elizabeth Johnson,12/01/1981,***-**-8375,AR,Elizabeth,Johnson
191,Charles Green,05/22/1990,***-**-9288,SC,Charles,Green
444,Jeffrey Cooper,12/14/1970,***-**-7671,MD,Jeffrey,Cooper
490,Judith Brooks,01/25/1971,***-**-6779,IN,Judith,Brooks
609,Amanda Ramsey,04/10/1971,***-**-2683,SC,Amanda,Ramsey
47,Stephen Oliver,12/27/1984,***-**-5500,CA,Stephen,Oliver
508,Nancy Rodriguez,02/13/1988,***-**-1027,MD,Nancy,Rodriguez
388,Joshua Powers,05/13/1971,***-**-4897,FL,Joshua,Powers
331,Lisa Stein,02/07/1980,***-**-2075,CA,Lisa,Stein
264,Jessica Martin,08/18/1967,***-**-8568,NV,Jessica,Martin
589,George Hardy,04/17/1990,***-**-4162,NM,George,Hardy
278,Jonathan Carney,11/08/1990,***-**-0506,CO,Jonathan,Carney
526,Carol Robertson,02/01/1959,***-**-6248,IL,Carol,Robertson
205,Susan Zhang,03/18/1983,***-**-5874,CT,Susan,Zhang
199,Christopher Cameron,08/30/1969,***-**-1053,NY,Christopher,Cameron
550,Paul Ramsey,05/14/1990,***-**-6565,MD,Paul,Ramsey
103,David Torres,03/26/1971,***-**-5176,MS,David,Torres
465,Barbara Roberts,10/22/1993,***-**-9440,KS,Barbara,Roberts
348,Nicholas Dunn,05/22/1985,***-**-1196,MD,Nicholas,Dunn
158,John Long,10/09/1966,***-**-8394,NE,John,Long
361,Shelby Porter,01/09/1992,***-**-7391,ME,Shelby,Porter
610,Judith Robinson,08/29/1973,***-**-3792,FL,Judith,Robinson
235,Justin Holt,09/19/1969,***-**-2854,WY,Justin,Holt
442,Laura Valdez,09/14/1988,***-**-2068,IL,Laura,Valdez
215,Jesse Rosales,12/29/1989,***-**-0642,WV,Jesse,Rosales
17,Amy Duran,04/02/1992,***-**-5581,MN,Amy,Duran
363,Joshua Williams,11/06/1976,***-**-1375,IN,Joshua,Williams
438,Robert Davis,03/28/1986,***-**-0776,NE,Robert,Davis
111,Lisa Houston,06/27/1966,***-**-5946,OH,Lisa,Houston
396,Timothy Williams,11/27/1978,***-**-5842,IL,Timothy,Williams
255,Kim Finley,03/09/1973,***-**-6351,SC,Kim,Finley
226,Andrew Lopez,06/11/1962,***-**-7248,TN,Andrew,Lopez
652,Veronica Herrera,10/22/1958,***-**-4723,IA,Veronica,Herrera
64,Bob Murphy,01/14/1982,***-**-8100,SD,Bob,Murphy
415,Timothy Duncan,09/25/1977,***-**-7493,IN,Timothy,Duncan
354,David Sandoval,11/26/1985,***-**-6963,WV,David,Sandoval
517,Tony Graves,10/19/1980,***-**-5360,ID,Tony,Graves
292,Andrea Fuller,07/17/1981,***-**-0698,WA,Andrea,Fuller
579,William Carney,06/16/1974,***-**-3440,WY,William,Carney
181,Daniel Dominguez,11/15/1992,***-**-9595,KY,Daniel,Dominguez
556,David Franco,10/30/1983,***-**-2451,NY,David,Franco
351,Justin Ortiz,01/29/1961,***-**-6761,AK,Justin,Ortiz
405,Sara Jarvis,07/23/1964,***-**-3953,WV,Sara,Jarvis
647,Adam Green,05/09/1988,***-**-5674,TN,Adam,Green
646,Debra Flores,04/02/1969,***-**-7111,KS,Debra,Flores
79,Jennifer Adams,12/04/1988,***-**-1210,RI,Jennifer,Adams
371,Lori Sosa,06/14/1988,***-**-7062,MI,Lori,Sosa
542,Cory Mora,03/27/1985,***-**-0325,NV,Cory,Mora
261,Denise Hughes,09/20/1966,***-**-7879,UT,Denise,Hughes
368,Anthony Jenkins,09/05/1957,***-**-0437,MA,Anthony,Jenkins
439,Leonard Soto,10/17/1986,***-**-1991,NE,Leonard,Soto
82,Donald Todd,07/16/1960,***-**-6930,MI,Donald,Todd
431,Christopher Long,08/24/1979,***-**-2737,VT,Christopher,Long
155,Donald Pierce,02/27/1976,***-**-1562,NJ,Donald,Pierce
189,Matthew Sullivan,02/25/1986,***-**-6697,MS,Matthew,Sullivan
393,Brianna Stevens,06/11/1965,***-**-4666,MT,Brianna,Stevens
451,Jacqueline Villegas,02/13/1981,***-**-8948,SC,Jacqueline,Villegas
22,Mary Diaz,02/18/1964,***-**-8701,GA,Mary,Diaz
470,Steven Taylor,12/01/1985,***-**-1803,NH,Steven,Taylor
384,Edward Jimenez,08/19/1980,***-**-1355,KY,Edward,Jimenez
7,John Joseph,01/07/1992,***-**-0413,PA,John,Joseph
258,Jared Fletcher,07/16/1977,***-**-9304,VT,Jared,Fletcher
568,Kathleen Hill,02/04/1970,***-**-3356,NH,Kathleen,Hill
56,Johnny Warner,08/16/1965,***-**-4164,NH,Johnny,Warner
621,Frank Smith,02/08/1971,***-**-1100,IL,Frank,Smith
49,Stephanie Thompson,03/26/1957,***-**-6249,RI,Stephanie,Thompson
397,Angela Cannon,09/13/1992,***-**-3459,KS,Angela,Cannon
36,Trevor Robinson,04/26/1967,***-**-3462,WV,Trevor,Robinson
33,Gregory Powers,05/19/1969,***-**-8879,KS,Gregory,Powers
224,Michael Sparks,11/03/1982,***-**-6809,NC,Michael,Sparks
634,George Flores,01/31/1989,***-**-0195,IA,George,Flores
144,Michael Hall,01/22/1986,***-**-0161,AZ,Michael,Hall
491,Susan Williamson,05/27/1973,***-**-0355,IN,Susan,Williamson
309,Luis Norton,05/11/1988,***-**-6955,WI,Luis,Norton
211,Victoria Pearson,03/07/1990,***-**-5518,ND,Victoria,Pearson
475,Roger Nichols,01/13/1976,***-**-4515,OR,Roger,Nichols
493,Jenny Mills,11/10/1983,***-**-1434,WI,Jenny,Mills
128,Joshua Moore,09/30/1965,***-**-8369,PA,Joshua,Moore
262,James Carr,02/25/1979,***-**-8546,AL,James,Carr
597,David Lane,04/21/1974,***-**-4614,MN,David,Lane
325,Beth Reese,04/30/1961,***-**-1223,PA,Beth,Reese
573,Lindsay Thompson,09/24/1986,***-**-1306,KS,Lindsay,Thompson
55,Amber Taylor,04/27/1982,***-**-6610,NY,Amber,Taylor
132,Oscar Yates,04/03/1977,***-**-0620,IL,Oscar,Yates
401,Anthony Cooper,06/04/1994,***-**-2490,CA,Anthony,Cooper
483,Tracie Harrison,07/01/1983,***-**-7833,DE,Tracie,Harrison
424,Corey Herrera,11/08/1970,***-**-3228,OR,Corey,Herrera
188,Anthony Kim,11/04/1981,***-**-7043,WY,Anthony,Kim
272,Kendra Marshall,09/11/1967,***-**-2658,IN,Kendra,Marshall
545,Debbie Chang,02/17/1993,***-**-8022,PA,Debbie,Chang
193,Miranda Simmons,03/27/1964,***-**-2359,IL,Miranda,Simmons
593,Catherine Murphy,08/11/1968,***-**-6401,RI,Catherine,Murphy
463,Nicholas Shelton,06/07/1984,***-**-0704,GA,Nicholas,Shelton
334,Laura Winters,07/05/1969,***-**-4775,GA,Laura,Winters
596,Jill Barr,04/07/1983,***-**-7889,MN,Jill,Barr
373,Lauren Ritter,12/26/1970,***-**-7600,KS,Lauren,Ritter
635,Anthony Short,06/07/1986,***-**-6004,WY,Anthony,Short
315,Patrick Yates,05/07/1967,***-**-4036,NC,Patrick,Yates
120,Brett Mitchell,01/20/1976,***-**-8337,WI,Brett,Mitchell
110,Andrea Boone,02/05/1983,***-**-1089,CO,Andrea,Boone
68,Charles Alvarez,02/01/1993,***-**-5142,MT,Charles,Alvarez
14,Jeff Garner,12/21/1978,***-**-2191,MA,Jeff,Garner
200,Natalie Williams,06/14/1971,***-**-2753,MA,Natalie,Williams
62,Tracy King,11/17/1969,***-**-0822,NC,Tracy,King
263,Michael Huang,02/14/1990,***-**-6162,SC,Michael,Huang
257,Ray Miller,03/09/1968,***-**-5774,CA,Ray,Miller
61,Tracey Powers,04/28/1976,***-**-5107,WY,Tracey,Powers
107,Alexander Moore,07/05/1992,***-**-4136,HI,Alexander,Moore
322,Lisa Fisher,01/05/1977,***-**-4670,NM,Lisa,Fisher
2,Tamara Gentry,04/03/1987,***-**-7430,SC,Tamara,Gentry
81,Christopher Fitzgerald,04/19/1992,***-**-7096,MA,Christopher,Fitzgerald
337,Jose Olson,01/20/1991,***-**-7256,PA,Jose,Olson
93,Carrie Wallace,02/07/1966,***-**-8007,GA,Carrie,Wallace
366,Crystal Smith,04/30/1991,***-**-6884,NY,Crystal,Smith
287,Caroline Edwards,10/20/1959,***-**-7816,NV,Caroline,Edwards
66,Carol Baker,08/01/1959,***-**-8196,OR,Carol,Baker
243,Alexandra Ward,12/27/1973,***-**-3414,AR,Alexandra,Ward
603,Krystal Townsend,05/15/1990,***-**-6839,AZ,Krystal,Townsend
277,Melanie Elliott,06/21/1976,***-**-2869,MN,Melanie,Elliott
583,Tracey Barajas,01/09/1973,***-**-9722,AR,Tracey,Barajas
268,Eric Barker,12/09/1976,***-**-2136,GA,Eric,Barker
234,Olivia Elliott,09/15/1991,***-**-7631,NM,Olivia,Elliott
320,Daniel Reed,12/24/1969,***-**-3333,NJ,Daniel,Reed
461,Roberto Pierce,07/03/1964,***-**-9982,MO,Roberto,Pierce
232,Lawrence Stewart,06/15/1987,***-**-1303,MO,Lawrence,Stewart
13,Michael Snow,02/17/1965,***-**-2820,KS,Michael,Snow
108,Ashley Cruz,09/09/1973,***-**-3168,MA,Ashley,Cruz
216,Jesus Hobbs,12/10/1975,***-**-2648,MS,Jesus,Hobbs
304,Jody Riley,01/08/1978,***-**-6681,CT,Jody,Riley
94,Joseph Scott,11/23/1993,***-**-4445,MD,Joseph,Scott
171,Eric Sullivan,01/05/1993,***-**-8141,SC,Eric,Sullivan
466,Christopher Cervantes,11/09/1975,***-**-7919,VT,Christopher,Cervantes
498,Jennifer Leon,02/03/1959,***-**-2413,AR,Jennifer,Leon
180,Victor Fuentes,12/07/1957,***-**-5844,WA,Victor,Fuentes
9,Christine Marshall,12/05/1972,***-**-6538,AL,Christine,Marshall
170,Amanda Garcia,12/03/1961,***-**-1013,NJ,Amanda,Garcia
172,Nancy Holloway,03/13/1983,***-**-4965,AK,Nancy,Holloway
46,Kimberly Banks,07/03/1990,***-**-7861,AZ,Kimberly,Banks
576,Laura King,06/04/1971,***-**-5040,AZ,Laura,King
11,Robert Mendoza,04/23/1982,***-**-0627,IA,Robert,Mendoza
80,Jessica Black,12/11/1981,***-**-6296,KY,Jessica,Black
77,Cynthia Duffy,07/08/1990,***-**-0500,NC,Cynthia,Duffy
555,Aaron Henry,10/15/1978,***-**-3379,MI,Aaron,Henry
95,Autumn Peterson,01/02/1965,***-**-9763,OK,Autumn,Peterson
595,Danielle Murphy,08/15/1963,***-**-0413,TX,Danielle,Murphy
543,Deborah Hoffman,10/20/1986,***-**-9690,MT,Deborah,Hoffman
227,Kathy Palmer,07/19/1972,***-**-3934,AR,Kathy,Palmer
572,Tim Smith,04/22/1967,***-**-8047,NC,Tim,Smith
387,Renee Campbell,11/09/1970,***-**-2594,MO,Renee,Campbell
380,Bryan Mcdaniel,04/19/1959,***-**-4659,FL,Bryan,Mcdaniel
203,Rhonda Flores,12/13/1974,***-**-3754,WV,Rhonda,Flores
636,Jonathan Wright,06/17/1963,***-**-8490,MO,Jonathan,Wright
256,Sydney King,01/12/1977,***-**-5923,FL,Sydney,King
85,Janet Gonzales,12/08/1972,***-**-0243,UT,Janet,Gonzales
520,Steve Russell,08/19/1978,***-**-9820,WA,Steve,Russell
233,Craig Pennington,12/25/1957,***-**-8248,ND,Craig,Pennington
410,Andrew Thomas,04/11/1963,***-**-7838,MA,Andrew,Thomas
485,Miguel Woods,06/10/1992,***-**-1852,ME,Miguel,Woods
630,Samuel Anderson,03/02/1969,***-**-9480,SC,Samuel,Anderson
295,Cynthia Clarke,05/29/1962,***-**-8148,MA,Cynthia,Clarke
487,Adam Mcgrath,06/20/1960,***-**-3185,AK,Adam,Mcgrath
616,Courtney Oconnell,04/03/1984,***-**-3672,SD,Courtney,Oconnell
435,Brandon Hudson,08/07/1966,***-**-4780,IL,Brandon,Hudson
349,Rachel Lewis,02/06/1985,***-**-5213,GA,Rachel,Lewis
557,Manuel Rodriguez,03/07/1981,***-**-0042,WA,Manuel,Rodriguez
425,Gregory Wilkinson,08/23/1984,***-**-6395,NC,Gregory,Wilkinson
273,Donna Lopez,08/03/1962,***-**-6360,NH,Donna,Lopez
69,David Scott,03/10/1992,***-**-0749,MS,David,Scott
571,Gregory Maxwell,11/21/1977,***-**-7057,NV,Gregory,Maxwell
169,Daniel Wilkins,09/24/1975,***-**-4870,MS,Daniel,Wilkins
495,Jonathan Henry,06/08/1989,***-**-2026,MT,Jonathan,Henry
350,Heather Shepherd,09/17/1984,***-**-2527,WA,Heather,Shepherd
395,Cindy Munoz,10/30/1986,***-**-0435,NH,Cindy,Munoz
75,Dalton Bowman,12/24/1977,***-**-8792,ME,Dalton,Bowman
244,Jon Clark,06/18/1967,***-**-8771,TN,Jon,Clark
509,Amber Meyer,09/04/1983,***-**-5604,LA,Amber,Meyer
339,Steven Madden,06/18/1972,***-**-9767,IN,Steven,Madden
534,Victoria Lewis,01/04/1971,***-**-6283,WA,Victoria,Lewis
419,Karl Dudley,12/14/1974,***-**-6649,TX,Karl,Dudley
386,Alicia Stone,12/24/1966,***-**-8324,CO,Alicia,Stone
328,Max Mckay,08/17/1960,***-**-4918,SC,Max,Mckay
612,Richard Brown,06/30/1979,***-**-0117,MT,Richard,Brown
502,Heather Case,12/22/1971,***-**-1698,AR,Heather,Case
390,Amy Gonzalez,10/12/1965,***-**-2150,UT,Amy,Gonzalez
404,Brandon Armstrong,12/12/1973,***-**-5658,AZ,Brandon,Armstrong
159,Terrance Ewing,01/15/1981,***-**-5340,VA,Terrance,Ewing
115,Jessica Boyd,04/27/1960,***-**-9784,VA,Jessica,Boyd
422,Corey Taylor,03/09/1966,***-**-4578,MS,Corey,Taylor
250,Frank Blankenship,11/17/1958,***-**-3591,MS,Frank,Blankenship
638,Monica Montgomery,10/14/1975,***-**-3158,MS,Monica,Montgomery
414,Tammy Patrick,09/07/1961,***-**-7381,NM,Tammy,Patrick
127,Corey Sawyer,08/13/1982,***-**-9114,DE,Corey,Sawyer
440,Linda Anthony,01/23/1994,***-**-7298,SD,Linda,Anthony
594,Travis Patrick,10/12/1967,***-**-7968,TN,Travis,Patrick
114,Linda Davis,08/08/1975,***-**-0620,CT,Linda,Davis
109,Anthony Adams,02/09/1962,***-**-1396,VT,Anthony,Adams
515,Christopher Johnson,11/03/1959,***-**-5547,CT,Christopher,Johnson
31,Tracy Austin,08/06/1980,***-**-1904,RI,Tracy,Austin
605,Matthew Woodward,03/26/1978,***-**-6667,ID,Matthew,Woodward
421,Donna Cole,01/19/1973,***-**-3401,NY,Donna,Cole
536,Alexis Allen,08/11/1963,***-**-6449,TN,Alexis,Allen
267,Stephen Parker,03/18/1967,***-**-9288,CO,Stephen,Parker
210,Nicole Johnson,05/01/1963,***-**-0265,PA,Nicole,Johnson
560,Daniel Green,06/16/1976,***-**-7915,AK,Daniel,Green
302,Dylan Adams,04/16/1966,***-**-4597,CO,Dylan,Adams
640,Jason Davis,06/06/1970,***-**-5627,LA,Jason,Davis
449,Jennifer Conrad,10/08/1973,***-**-2874,WY,Jennifer,Conrad
202,Stephen Dawson,06/30/1985,***-**-5741,AZ,Stephen,Dawson
168,Douglas Smith,04/07/1981,***-**-9028,MA,Douglas,Smith
119,Diane Gray,10/26/1968,***-**-1654,HI,Diane,Gray
613,Benjamin Gordon,07/26/1974,***-**-3940,CO,Benjamin,Gordon
473,Stephanie Miller,09/08/1983,***-**-8885,LA,Stephanie,Miller
615,Lynn Stout,09/17/1973,***-**-6531,ME,Lynn,Stout
10,Malik Scott,02/02/1958,***-**-4261,ID,Malik,Scott
86,David Brown,07/28/1973,***-**-5706,OK,David,Brown
500,Nathan Jenkins,01/11/1968,***-**-6468,WI,Nathan,Jenkins
38,Maria Bryant,07/17/1970,***-**-3505,MA,Maria,Bryant
633,Michael Griffin,09/15/1963,***-**-4120,WA,Michael,Griffin
530,Nathan Smith,04/17/1979,***-**-9334,CA,Nathan,Smith
177,James Jackson,06/01/1958,***-**-4595,CA,James,Jackson
266,Erika Jones,02/02/1977,***-**-1552,AL,Erika,Jones
4,Stephanie Leon,04/06/1967,***-**-0580,DE,Stephanie,Leon
12,Anthony Walker,12/25/1969,***-**-5284,RI,Anthony,Walker
477,Richard Brooks,10/17/1962,***-**-5295,KY,Richard,Brooks
575,Matthew Bishop,06/10/1973,***-**-9588,NJ,Matthew,Bishop
37,Anthony Thompson,10/04/1990,***-**-1051,MA,Anthony,Thompson
360,Justin Garcia,09/21/1961,***-**-6120,NC,Justin,Garcia
134,Miguel Garcia,12/21/1964,***-**-5477,OH,Miguel,Garcia
416,Jeffrey Randolph,09/24/1976,***-**-2699,IN,Jeffrey,Randolph
45,Raymond Tran,04/09/1957,***-**-8575,FL,Raymond,Tran
441,Brandon Webb,09/10/1966,***-**-8353,UT,Brandon,Webb
323,Brandon Petersen,07/06/1982,***-**-1657,TN,Brandon,Petersen
58,Bryce Ball,07/03/1994,***-**-1674,AZ,Bryce,Ball
639,Blake Watkins,02/25/1973,***-**-0572,NC,Blake,Watkins
484,Gregory Morales,08/21/1960,***-**-5605,CO,Gregory,Morales
50,Alyssa Wall,08/24/1964,***-**-2643,WA,Alyssa,Wall
533,Cynthia Garcia,11/11/1960,***-**-2024,ID,Cynthia,Garcia
611,Amber Williams,12/03/1969,***-**-7515,NM,Amber,Williams
563,Steve Stark,07/02/1957,***-**-7390,MI,Steve,Stark
562,Charles Baird,02/29/1968,***-**-2710,FL,Charles,Baird
559,Mackenzie Hall,02/28/1990,***-**-6862,AL,Mackenzie,Hall
481,Aaron King,05/29/1964,***-**-8792,SD,Aaron,King
195,Joshua Perez,02/08/1984,***-**-1226,GA,Joshua,Perez
186,Alexander Valdez,10/24/1975,***-**-7833,ND,Alexander,Valdez
160,Ashley Santos,06/18/1983,***-**-4884,AL,Ashley,Santos
143,Joshua Stephens,04/11/1988,***-**-9528,VT,Joshua,Stephens
492,Steven Long,08/18/1994,***-**-4594,TX,Steven,Long
6,Jack Jackson,07/05/1975,***-**-4734,NY,Jack,Jackson
88,Roberto Leonard,01/20/1992,***-**-8779,MA,Roberto,Leonard
161,Michael Park,06/05/1981,***-**-4033,NM,Michael,Park
83,Carl Reeves,12/11/1965,***-**-8325,LA,Carl,Reeves
254,Paul Lee,07/22/1976,***-**-7697,IN,Paul,Lee
464,Kathryn Ramirez,08/04/1960,***-**-0099,OH,Kathryn,Ramirez
284,Daniel Medina,10/31/1973,***-**-8215,MS,Daniel,Medina
25,Jesse Gomez,01/30/1961,***-**-3664,SC,Jesse,Gomez
218,Brandon Good,08/01/1991,***-**-5586,VA,Brandon,Good
99,Sandra Suarez,06/08/1974,***-**-7890,GA,Sandra,Suarez
356,Jeffrey Stevenson,12/07/1957,***-**-3851,CT,Jeffrey,Stevenson
317,Richard Mcdonald,02/21/1957,***-**-8008,ND,Richard,Mcdonald
229,Joanna Castillo,03/07/1984,***-**-1576,IN,Joanna,Castillo
581,Angelica Reyes,06/06/1992,***-**-7139,AR,Angelica,Reyes
452,Jennifer Wright,03/06/1976,***-**-3901,NM,Jennifer,Wright
518,James Porter,06/30/1957,***-**-1319,CA,James,Porter
479,Krystal Brown,01/31/1961,***-**-8909,TX,Krystal,Brown
245,Christopher Reyes,02/01/1981,***-**-4713,IN,Christopher,Reyes
653,Luis Lewis,07/18/1965,***-**-3601,HI,Luis,Lewis
19,Lynn Owens,03/24/1985,***-**-8776,RI,Lynn,Owens
650,Anthony Phillips,12/12/1960,***-**-3754,NJ,Anthony,Phillips
137,Jessica Mcdonald,12/29/1970,***-**-2911,MS,Jessica,Mcdonald
619,Michelle Allen,09/13/1972,***-**-8147,TN,Michelle,Allen
654,Victor Webb,01/17/1959,***-**-2267,TN,Victor,Webb
201,Martin Melton,04/06/1972,***-**-7978,NY,Martin,Melton
165,Pamela Miles,11/15/1962,***-**-5312,NC,Pamela,Miles
310,Christopher Compton,09/05/1958,***-**-6855,SC,Christopher,Compton
141,Annette Rice,03/15/1959,***-**-1866,FL,Annette,Rice
600,Travis Meza,01/10/1974,***-**-4313,NJ,Travis,Meza
529,Brian Baker,07/28/1976,***-**-2839,IL,Brian,Baker
369,Sharon Lee,10/23/1967,***-**-7596,DE,Sharon,Lee
32,Brian Sparks,02/14/1967,***-**-8194,HI,Brian,Sparks
522,Dana Ryan,10/10/1962,***-**-3761,VA,Dana,Ryan
651,Maria Stevens,05/12/1958,***-**-9113,CA,Maria,Stevens
608,Julia Berry,06/17/1960,***-**-3759,NH,Julia,Berry
336,Sarah Williams,09/12/1964,***-**-3882,IA,Sarah,Williams
516,Trevor Short,07/29/1980,***-**-2488,ND,Trevor,Short
514,Michael Johnson,04/11/1962,***-**-6015,ME,Michael,Johnson
426,Louis Cross,11/13/1959,***-**-7111,CO,Louis,Cross
497,Ryan Smith,04/24/1964,***-**-2228,OK,Ryan,Smith
468,Joan Carter,01/06/1964,***-**-8092,KY,Joan,Carter
24,Karen Franklin,06/17/1967,***-**-4888,VT,Karen,Franklin
221,Christian Palmer,04/30/1992,***-**-6104,AL,Christian,Palmer
217,Kristopher Smith,10/20/1982,***-**-3545,HI,Kristopher,Smith
399,Cheryl Velez,07/21/1963,***-**-3300,TN,Cheryl,Velez
285,Jeffrey Harris,12/20/1993,***-**-9625,MS,Jeffrey,Harris
21,Jamie Doyle,06/11/1984,***-**-1529,NV,Jamie,Doyle
447,Adam Sims,12/20/1973,***-**-6337,ID,Adam,Sims
601,Joshua Griffith,08/01/1984,***-**-3344,HI,Joshua,Griffith
378,Donald Koch,10/02/1989,***-**-5788,CT,Donald,Koch
548,Wendy Leonard,03/18/1957,***-**-7962,HI,Wendy,Leonard
42,Dana Hubbard,08/06/1980,***-**-4700,FL,Dana,Hubbard
344,Brett Carson,02/27/1970,***-**-5338,OK,Brett,Carson
252,Erica Peters,11/05/1980,***-**-0341,SC,Erica,Peters
428,William Carter,01/31/1989,***-**-1954,VT,William,Carter
220,Karen Taylor,01/29/1986,***-**-6243,AZ,Karen,Taylor
118,Virginia Cobb,12/04/1978,***-**-9307,MI,Virginia,Cobb
618,Tamara Watson,08/18/1968,***-**-6329,NJ,Tamara,Watson
370,John Middleton,07/24/1983,***-**-7354,OR,John,Middleton
23,Alex Cruz,12/23/1964,***-**-4744,CT,Alex,Cruz
511,Theresa Crawford,01/08/1973,***-**-9276,IL,Theresa,Crawford
43,Glenn Chavez,11/29/1970,***-**-5246,NE,Glenn,Chavez
311,Carrie Davis,07/16/1963,***-**-7399,WI,Carrie,Davis
136,Michael Haynes,09/13/1974,***-**-3346,NE,Michael,Haynes
72,Michele Arellano,04/12/1981,***-**-5875,IN,Michele,Arellano
65,Gina Stevens,04/05/1992,***-**-2359,PA,Gina,Stevens
577,Elizabeth Hatfield,04/07/1959,***-**-7821,NM,Elizabeth,Hatfield
35,Michael Reyes,07/21/1958,***-**-1842,FL,Michael,Reyes
296,Spencer Wilson,09/18/1959,***-**-7753,IN,Spencer,Wilson
578,Kevin Smith,08/26/1992,***-**-8582,IN,Kevin,Smith
98,Steven Giles,11/19/1980,***-**-2061,VA,Steven,Giles
569,Mario Butler,05/03/1979,***-**-3035,MA,Mario,Butler
248,Billy Romero,01/29/1958,***-**-3100,VT,Billy,Romero
433,Katie Miller,07/09/1970,***-**-7579,MA,Katie,Miller
307,William Salinas,04/24/1983,***-**-6013,MO,William,Salinas
398,Kendra Alvarado,10/07/1957,***-**-0633,CA,Kendra,Alvarado
60,Kimberly Wright,03/20/1979,***-**-9022,OH,Kimberly,Wright
282,Judy Nelson,10/17/1968,***-**-2012,NV,Judy,Nelson
436,Alexandra Golden,04/08/1978,***-**-3418,ND,Alexandra,Golden
318,Patricia Park,07/28/1965,***-**-5775,CO,Patricia,Park
494,Kylie Chavez,01/10/1965,***-**-3816,CT,Kylie,Chavez
644,Randy Edwards,06/29/1980,***-**-9087,OR,Randy,Edwards
413,Glenda Hebert,05/18/1987,***-**-7625,NY,Glenda,Hebert
345,Erin Garrett,04/29/1980,***-**-5815,SD,Erin,Garrett
123,Donna Floyd,03/30/1957,***-**-1819,SD,Donna,Floyd
208,Brandon Watson,02/12/1974,***-**-3375,PA,Brandon,Watson
346,Paul Patterson,02/22/1985,***-**-4729,PA,Paul,Patterson
385,Hannah Henderson,12/21/1960,***-**-5897,PA,Hannah,Henderson
454,Autumn Smith,07/24/1974,***-**-7279,CA,Autumn,Smith
209,Steven Contreras,05/31/1986,***-**-6852,DE,Steven,Contreras
271,Miguel Russell,09/25/1986,***-**-0302,UT,Miguel,Russell
152,Kim Martin,08/03/1964,***-**-3452,SC,Kim,Martin
283,Heidi Proctor,01/31/1993,***-**-9545,OH,Heidi,Proctor
592,Nicholas May,06/19/1976,***-**-8728,KS,Nicholas,May
469,Michael Nunez,06/22/1982,***-**-9379,WV,Michael,Nunez
306,Gregory Bowen,07/05/1981,***-**-1510,OH,Gregory,Bowen
237,Jennifer Juarez,06/30/1969,***-**-9009,OK,Jennifer,Juarez
457,April Williamson,10/25/1990,***-**-8318,KS,April,Williamson
293,Francisco Smith,08/12/1972,***-**-1836,ND,Francisco,Smith
374,Roger Taylor,11/02/1975,***-**-6293,GA,Roger,Taylor
276,Gabriela Williams,01/10/1976,***-**-5792,AZ,Gabriela,Williams
112,Stephanie Pittman,12/05/1965,***-**-0840,MD,Stephanie,Pittman
333,Sarah Porter,08/09/1962,***-**-3997,AZ,Sarah,Porter
546,Ernest Cooper,09/24/1971,***-**-2003,NJ,Ernest,Cooper
496,Alexandra Fisher,03/06/1976,***-**-2206,AK,Alexandra,Fisher
504,Henry Turner,11/20/1984,***-**-7954,OK,Henry,Turner
126,Charles Rogers,08/31/1984,***-**-8407,NV,Charles,Rogers
418,Keith Lynch,02/26/1988,***-**-4803,IA,Keith,Lynch
566,Lindsay Bowman,08/24/1972,***-**-8895,AL,Lindsay,Bowman
249,Jennifer Lutz,07/05/1990,***-**-2943,RI,Jennifer,Lutz
624,Mark Mills,11/20/1962,***-**-7406,AR,Mark,Mills
358,Dawn Thomas,08/05/1960,***-**-0942,NC,Dawn,Thomas
197,Keith Tyler,05/10/1975,***-**-7953,MO,Keith,Tyler
538,Joseph Smith,03/12/1960,***-**-3836,LA,Joseph,Smith
164,Michael Dudley,03/10/1966,***-**-3459,SD,Michael,Dudley
450,Blake Bowman,01/17/1961,***-**-8076,ND,Blake,Bowman
602,Amy Graves,08/22/1994,***-**-9448,SC,Amy,Graves
239,Robert Hill,10/03/1968,***-**-8902,AR,Robert,Hill
627,Robert Davis,08/13/1988,***-**-5405,MD,Robert,Davis
459,Tammy Horton,03/06/1981,***-**-0677,RI,Tammy,Horton
394,Allison Watkins,03/27/1992,***-**-1605,NV,Allison,Watkins
554,James Mathis,11/29/1989,***-**-3276,IA,James,Mathis
90,Sabrina Shelton,02/03/1958,***-**-2668,ID,Sabrina,Shelton
364,Rachel Coleman,10/26/1983,***-**-7638,SD,Rachel,Coleman
574,William Cantrell,08/17/1973,***-**-4706,CA,William,Cantrell
607,Donna Carroll,09/16/1968,***-**-9127,MA,Donna,Carroll
157,Tammy Harris,01/26/1961,***-**-8283,OH,Tammy,Harris
241,Debra Pena,10/16/1957,***-**-9872,MN,Debra,Pena
558,James Reilly,03/01/1957,***-**-7935,SD,James,Reilly
324,Robert Krause,03/11/1957,***-**-5246,NM,Robert,Krause
183,Chad Crawford,11/05/1990,***-**-0638,IL,Chad,Crawford
381,Luke Huerta,01/05/1986,***-**-5912,MI,Luke,Huerta
505,Corey Long,09/06/1978,***-**-9787,MO,Corey,Long
437,Joshua Flores,10/30/1987,***-**-5727,NE,Joshua,Flores
135,Jeffery Collins,06/01/1993,***-**-4791,KY,Jeffery,Collins
27,Michael Clements,01/03/1994,***-**-6223,NC,Michael,Clements
48,Christopher Williams,02/23/1977,***-**-6535,HI,Christopher,Williams
286,Laura Mata,10/22/1966,***-**-5794,AL,Laura,Mata
308,Jessica Campbell,09/16/1968,***-**-2121,FL,Jessica,Campbell
163,Kristy Hebert,11/12/1973,***-**-9892,WA,Kristy,Hebert
275,Rachel Silva,11/19/1974,***-**-3474,ND,Rachel,Silva
521,Tyrone Dean,01/31/1986,***-**-5932,VA,Tyrone,Dean
53,Angela White,02/17/1963,***-**-2921,ME,Angela,White
539,Teresa Bell,05/12/1975,***-**-1580,IN,Teresa,Bell
482,Edwin Williams,07/27/1981,***-**-6206,PA,Edwin,Williams
342,Hannah Hicks,06/05/1978,***-**-9383,LA,Hannah,Hicks
150,Kevin Rivera,03/14/1994,***-**-8418,DE,Kevin,Rivera
448,Trevor Jones,07/28/1959,***-**-5747,OR,Trevor,Jones
604,Emily Silva,04/24/1989,***-**-5242,MN,Emily,Silva
154,Emma Thomas,02/25/1960,***-**-2668,ND,Emma,Thomas
591,Lisa Myers,07/22/1980,***-**-7446,WI,Lisa,Myers
196,Jennifer King,02/04/1975,***-**-2581,MD,Jennifer,King
507,Dylan Walker,11/01/1971,***-**-4143,GA,Dylan,Walker
409,Andrea Snyder,07/10/1981,***-**-3882,KY,Andrea,Snyder
629,Samuel Lane,02/09/1992,***-**-2267,OK,Samuel,Lane
305,Jennifer Cameron,05/16/1962,***-**-7541,OR,Jennifer,Cameron
297,Rodney Cross,06/14/1985,***-**-4949,NE,Rodney,Cross
133,Dustin Brown,12/18/1990,***-**-3364,OR,Dustin,Brown
125,Krista Mack,09/30/1969,***-**-0563,SD,Krista,Mack
106,Luis Ruiz,02/01/1977,***-**-4894,NV,Luis,Ruiz
335,Cassandra Johnson,12/01/1991,***-**-0203,AL,Cassandra,Johnson
648,Ruth Nichols,07/21/1990,***-**-7608,NE,Ruth,Nichols
332,Pamela Dean,08/15/1987,***-**-3302,CT,Pamela,Dean
175,Beth Lee,12/08/1961,***-**-1371,MN,Beth,Lee
104,Christopher Martin,04/26/1977,***-**-9812,WY,Christopher,Martin
314,Amanda Johnson,09/03/1974,***-**-7153,MA,Amanda,Johnson
551,Joseph Barnett,10/24/1959,***-**-1644,OR,Joseph,Barnett
124,Maria Burns,11/24/1979,***-**-9488,WV,Maria,Burns
8,Kevin Riley,09/05/1962,***-**-5605,WV,Kevin,Riley
251,Brian Reyes,07/15/1962,***-**-0510,WV,Brian,Reyes
643,Jeffrey Robinson,06/21/1958,***-**-6490,MO,Jeffrey,Robinson
238,David Gardner,09/05/1961,***-**-8396,FL,David,Gardner
303,Tracey Downs,02/28/1974,***-**-4596,NM,Tracey,Downs
519,Cody Ramirez,10/15/1982,***-**-7950,LA,Cody,Ramirez
178,Heather Gray,05/09/1981,***-**-6848,KS,Heather,Gray
458,Erika Lewis,02/15/1960,***-**-9111,CO,Erika,Lewis
207,Ronald Maynard,11/22/1978,***-**-9020,KY,Ronald,Maynard
598,Ashley Saunders,06/11/1991,***-**-5309,GA,Ashley,Saunders
352,Paul Kaufman,11/02/1978,***-**-0964,IA,Paul,Kaufman
645,Nathan Rosario,06/15/1964,***-**-5027,NY,Nathan,Rosario
146,Melissa Nguyen,10/06/1978,***-**-1193,MN,Melissa,Nguyen
51,Mitchell Gill,07/27/1989,***-**-7598,KY,Mitchell,Gill
512,Michael Shaw,04/18/1977,***-**-8249,OR,Michael,Shaw
467,Crystal Jones,12/20/1972,***-**-8160,MD,Crystal,Jones
179,Jasmine Harrison,12/04/1957,***-**-0602,WV,Jasmine,Harrison
54,Chase Grant,05/04/1985,***-**-1229,KS,Chase,Grant
570,Shawn Kidd,04/10/1961,***-**-4240,MN,Shawn,Kidd
527,Chris Robinson,01/24/1970,***-**-1013,SC,Chris,Robinson
288,Carla Smith,05/05/1969,***-**-6182,AL,Carla,Smith
382,Kimberly Burns,01/30/1985,***-**-5610,CA,Kimberly,Burns
408,Lori Sullivan,10/05/1992,***-**-4062,NY,Lori,Sullivan
147,Jennifer Williams,02/25/1994,***-**-7025,ME,Jennifer,Williams
198,John Lamb,03/09/1986,***-**-1494,CO,John,Lamb
194,Joanne Lamb,06/28/1974,***-**-6922,LA,Joanne,Lamb
206,David Brown,12/27/1978,***-**-4274,DE,David,Brown
76,Scott Leach,04/03/1985,***-**-5144,AR,Scott,Leach
432,Andrew Tyler,04/08/1970,***-**-3511,IA,Andrew,Tyler
